T1_degC,Power_Watt,P1_Bar,P2_Bar,T5_degC_Dry_Experimental,T5_degC_Dry_Predicted,T5_degC_Dry_Error,T6_degC_Wet_Experimental,T6_degC_Wet_Predicted,T6_degC_Wet_Error,T7_degC_Dry_Experimental,T7_degC_Dry_Predicted,T7_degC_Dry_Error,T8_degC_Wet_Experimental,T8_degC_Wet_Predicted,T8_degC_Wet_Error
17.2,979.2,3.9,14.6,31.9,31.96375957010615,-0.06375957010614997,29.7,29.684856370788676,0.015143629211323173,22.2,21.694621274958514,0.505378725041485,20.2,19.98801368500118,0.2119863149988177
17.3,979.2,4.0,14.6,31.9,32.21120365552704,-0.3112036555270379,29.6,29.750906941693824,-0.15090694169382246,21.9,21.614578205930442,0.28542179406955626,20.3,20.007066699076987,0.2929333009230142
17.0,979.2,4.0,14.8,32.0,31.9838750526144,0.016124947385598887,29.5,29.653004009074568,-0.1530040090745679,22.0,21.490350079770785,0.5096499202292151,20.2,19.851985760635618,0.3480142393643817
17.0,998.4,3.9,14.7,32.0,31.8804167530934,0.1195832469066005,29.5,29.58719113913054,-0.08719113913053889,21.9,21.584104048720388,0.3158959512796109,20.1,19.880800036939448,0.21919996306055367
17.1,979.2,3.9,14.6,32.0,31.873270984913365,0.12672901508663514,29.8,29.621953220356968,0.17804677964303295,21.8,21.607652342812813,0.19234765718718805,20.2,19.90727451712158,0.2927254828784207
17.1,979.2,4.0,14.8,32.0,32.07877991867992,-0.07877991867992051,29.8,29.719310668599373,0.0806893314006274,21.8,21.57623302091243,0.22376697908757137,20.2,19.93229834528007,0.2677016547199287
17.0,979.2,4.0,14.9,32.1,31.98847500590793,0.11152499409207195,29.6,29.687478298783713,-0.0874782987837115,21.8,21.565960499135254,0.23403950086474623,20.0,19.897379253675744,0.10262074632425566
17.3,960.0,3.9,14.7,32.0,31.98643114604694,0.013568853953060511,29.8,29.807684419532965,-0.007684419532964171,21.6,21.866632753901555,-0.26663275390155405,20.0,20.090328099447504,-0.09032809944750397
17.4,979.2,4.0,14.6,31.9,32.297280748706875,-0.39728074870687635,29.7,29.80725031321113,-0.10725031321113221,21.7,21.70812323789382,-0.008123237893819635,20.1,20.08936306447621,0.010636935523791635
17.1,998.4,4.0,14.8,32.1,32.105422741022096,-0.005422741022094613,29.6,29.677658112176445,-0.0776581121764437,21.7,21.58119950926311,0.11880049073688781,20.1,19.951342082037012,0.14865791796298922
17.2,979.2,4.0,14.8,32.0,32.17160131834155,-0.17160131834155123,29.8,29.783160472125388,0.016839527874612514,21.6,21.663664925870965,-0.06366492587096317,20.0,20.013213393030007,-0.013213393030007126
17.1,998.4,4.0,14.8,31.9,32.105422741022096,-0.20542274102209745,29.6,29.677658112176445,-0.0776581121764437,21.5,21.58119950926311,-0.08119950926311148,19.9,19.951342082037012,-0.051342082037013625
17.0,998.4,4.0,14.8,32.2,32.010674202807685,0.18932579719231768,29.7,29.614469442042452,0.08553055795754716,21.6,21.498423773926987,0.1015762260730142,20.0,19.873352739028885,0.12664726097111512
17.2,998.4,4.0,14.9,32.0,32.22085121051256,-0.2208512105125635,29.7,29.78426308513862,-0.08426308513861969,21.6,21.735907268497463,-0.13590726849746204,19.8,20.07648428912482,-0.27648428912482004
17.1,998.4,4.0,14.9,32.1,32.12683928859872,-0.026839288598715427,29.9,29.722185401437883,0.17781459856211512,21.5,21.653238822538228,-0.15323882253822774,19.9,19.99805322124198,-0.09805322124198312
17.2,998.4,4.0,14.9,32.0,32.22085121051256,-0.2208512105125635,29.7,29.78426308513862,-0.08426308513861969,21.4,21.735907268497463,-0.3359072684974649,19.8,20.07648428912482,-0.27648428912482004
17.1,998.4,4.0,14.8,32.1,32.105422741022096,-0.005422741022094613,29.8,29.677658112176445,0.1223418878235556,21.5,21.58119950926311,-0.08119950926311148,19.9,19.951342082037012,-0.051342082037013625
17.0,979.2,4.0,14.8,31.8,31.9838750526144,-0.1838750526144004,29.7,29.653004009074568,0.046995990925431386,21.4,21.490350079770785,-0.09035007977078635,19.7,19.851985760635618,-0.1519857606356183
16.8,998.4,4.0,14.9,31.8,31.832467958780615,-0.03246795878061448,29.5,29.52151212909245,-0.02151212909245004,21.3,21.414723024242775,-0.11472302424277458,19.7,19.766340181300112,-0.06634018130011299
16.7,998.4,4.0,14.9,31.7,31.73039544817533,-0.03039544817533013,29.6,29.449925322413318,0.1500746775866837,21.2,21.338505986313354,-0.13850598631335487,19.6,19.69034798582655,-0.09034798582654702
17.0,998.4,4.0,14.8,31.8,32.010674202807685,-0.21067420280768445,29.5,29.614469442042452,-0.11446944204245213,21.3,21.498423773926987,-0.1984237739269865,19.7,19.873352739028885,-0.1733527390288856
16.8,998.4,4.0,14.9,31.8,31.832467958780615,-0.03246795878061448,29.5,29.52151212909245,-0.02151212909245004,21.3,21.414723024242775,-0.11472302424277458,19.7,19.766340181300112,-0.06634018130011299
16.9,979.2,3.9,14.6,31.7,31.686213953837704,0.013786046162294952,29.6,29.488965982052566,0.11103401794743561,21.4,21.437843806766598,-0.03784380676659893,19.6,19.74735016438943,-0.1473501643894295
17.1,979.2,3.9,14.3,31.7,31.738519200036997,-0.0385192000369976,29.6,29.4369946460351,0.1630053539649019,21.2,21.33841623042585,-0.13841623042585027,19.6,19.751068066898462,-0.15106806689846053
16.7,998.4,4.0,14.4,31.6,31.538410788140794,0.06158921185920718,29.6,29.19865057508152,0.40134942491848236,21.2,20.958004777379124,0.2419952226208757,19.6,19.462747662897065,0.13725233710293594
16.5,998.4,4.0,14.5,31.6,31.400951303018573,0.19904869698142846,29.4,29.120832878867972,0.27916712113202635,21.0,20.870454981690393,0.12954501830960652,19.4,19.355086044041578,0.04491395595842107
16.6,979.2,4.0,14.5,31.7,31.51818966478921,0.1818103352107876,29.5,29.24226513314363,0.2577348668563708,21.1,20.923865081718333,0.17613491828166872,19.5,19.403899933747667,0.09610006625233325
16.8,998.4,4.0,14.5,31.7,31.695345457018156,0.0046545429818429795,29.5,29.325923826421143,0.1740761735788574,21.1,21.114341235958534,-0.01434123595853265,19.5,19.583015685345906,-0.08301568534590587
16.6,998.4,4.0,14.5,31.7,31.500866749620595,0.1991332503794041,29.5,29.19141837104444,0.3085816289555616,21.1,20.950077919017897,0.1499220809821047,19.5,19.430434064388514,0.06956593561148594
16.7,979.2,4.0,14.5,31.4,31.616856263875707,-0.21685626387570878,29.4,29.314067654237846,0.0859323457621528,21.0,21.00815658289281,-0.008156582892809183,19.4,19.482127274751395,-0.08212727475139658
16.8,979.2,4.0,14.4,31.5,31.66668394951214,-0.16668394951214083,29.5,29.329419727446517,0.17058027255348307,21.1,21.020231400018496,0.07976859998150587,19.5,19.518619202233207,-0.018619202233207233
16.8,979.2,4.0,14.6,31.7,31.749680528386897,-0.049680528386897294,29.5,29.43232798298351,0.06767201701649128,21.1,21.16926405368704,-0.06926405368703925,19.5,19.604236022411307,-0.1042360224113068
16.6,998.4,4.0,14.6,31.7,31.54903711053258,0.15096288946741865,29.5,29.245823046570262,0.254176953429738,21.1,21.02651355859906,0.07348644140094152,19.5,19.475190767349414,0.02480923265058621
16.7,979.2,4.0,14.5,31.6,31.616856263875707,-0.016856263875705935,29.4,29.314067654237846,0.0859323457621528,21.0,21.00815658289281,-0.008156582892809183,19.4,19.482127274751395,-0.08212727475139658
16.8,979.2,4.0,14.5,31.7,31.713691182755575,-0.013691182755575682,29.3,29.383587273325286,-0.0835872733252856,21.1,21.094102602399055,0.005897397600946874,19.5,19.56099610461564,-0.06099610461563998
16.6,998.4,4.0,14.6,31.7,31.54903711053258,0.15096288946741865,29.3,29.245823046570262,0.05417695342973872,21.1,21.02651355859906,0.07348644140094152,19.5,19.475190767349414,0.02480923265058621
16.8,979.2,4.0,14.5,31.7,31.713691182755575,-0.013691182755575682,29.3,29.383587273325286,-0.0835872733252856,21.1,21.094102602399055,0.005897397600946874,19.5,19.56099610461564,-0.06099610461563998
16.6,979.2,4.0,14.5,31.5,31.51818966478921,-0.01818966478921169,29.5,29.24226513314363,0.2577348668563708,20.9,20.923865081718333,-0.023865081718334125,19.5,19.403899933747667,0.09610006625233325
16.7,979.2,4.0,14.5,31.8,31.616856263875707,0.18314373612429335,29.4,29.314067654237846,0.0859323457621528,21.0,21.00815658289281,-0.008156582892809183,19.4,19.482127274751395,-0.08212727475139658
16.6,979.2,4.0,14.7,31.7,31.57355754514424,0.12644245485575922,29.3,29.328929086540892,-0.028929086540891547,20.9,21.08203770448279,-0.18203770448279144,19.3,19.49182748696629,-0.19182748696628948
16.7,979.2,4.0,14.6,31.8,31.651486013225973,0.14851398677402727,29.4,29.361485493270205,0.038514506729793396,21.2,21.08494786551164,0.1150521344883586,19.4,19.525509150066622,-0.12550915006662322
16.7,998.4,4.0,14.5,31.8,31.599014206984467,0.20098579301553343,29.2,29.259793613071015,-0.05979361307101527,21.0,21.031385604927983,-0.03138560492798348,19.6,19.50641575594015,0.09358424405985133
16.7,979.2,4.0,14.6,31.8,31.651486013225973,0.14851398677402727,29.4,29.361485493270205,0.038514506729793396,21.0,21.08494786551164,-0.08494786551164069,19.6,19.525509150066622,0.07449084993337962
16.8,979.2,4.0,14.6,31.9,31.749680528386897,0.150319471613102,29.5,29.43232798298351,0.06767201701649128,21.3,21.16926405368704,0.13073594631296004,19.7,19.604236022411307,0.09576397758869248
17.0,979.2,4.0,14.6,31.9,31.94032425906074,-0.04032425906074266,29.5,29.566991370006306,-0.06699137000630628,21.3,21.34275551099734,-0.04275551099733832,19.7,19.763575505539336,-0.06357550553933677
17.0,979.2,4.0,14.6,32.0,31.94032425906074,0.05967574093925876,29.5,29.566991370006306,-0.06699137000630628,21.3,21.34275551099734,-0.04275551099733832,19.7,19.763575505539336,-0.06357550553933677
16.8,979.2,4.0,14.6,32.0,31.749680528386897,0.2503194716131034,29.5,29.43232798298351,0.06767201701649128,21.3,21.16926405368704,0.13073594631296004,19.7,19.604236022411307,0.09576397758869248
16.8,979.2,4.0,14.6,31.9,31.749680528386897,0.150319471613102,29.3,29.43232798298351,-0.132327982983508,21.1,21.16926405368704,-0.06926405368703925,19.5,19.604236022411307,-0.1042360224113068
16.8,998.4,4.0,14.6,31.9,31.746454818544535,0.15354518145546336,29.3,29.38308994915117,-0.0830899491511694,21.1,21.187438717955587,-0.08743871795558533,19.5,19.62749168306473,-0.12749168306472924
16.9,983.3,4.0,14.6,32.0,31.846501918305755,0.15349808169424506,29.4,29.491202652909948,-0.09120265290994922,21.2,21.262379965772386,-0.06237996577238647,19.6,19.6914414532451,-0.09144145324509978
16.8,983.3,4.0,14.6,32.0,31.750276634301446,0.24972336569855358,29.4,29.423367546289395,-0.0233675462893963,21.2,21.177080607730574,0.022919392269425742,19.6,19.612566662065042,-0.012566662065040646
16.8,979.2,4.0,14.6,31.9,31.749680528386897,0.150319471613102,29.3,29.43232798298351,-0.132327982983508,21.1,21.16926405368704,-0.06926405368703925,19.5,19.604236022411307,-0.1042360224113068
16.8,960.0,4.0,14.6,31.9,31.737508727956083,0.16249127204391556,29.5,29.462824339462227,0.037175660537773325,21.1,21.104965809555363,-0.004965809555361744,19.5,19.541404804083303,-0.04140480408330305
16.7,979.2,4.0,14.5,31.7,31.616856263875707,0.08314373612429193,29.3,29.314067654237846,-0.014067654237845062,21.1,21.00815658289281,0.09184341710719224,19.5,19.482127274751395,0.017872725248604837
16.7,979.2,4.0,14.5,31.7,31.616856263875707,0.08314373612429193,29.3,29.314067654237846,-0.014067654237845062,21.1,21.00815658289281,0.09184341710719224,19.5,19.482127274751395,0.017872725248604837
16.7,979.2,4.0,14.6,31.7,31.651486013225973,0.04851398677402585,29.3,29.361485493270205,-0.06148549327020447,20.9,21.08494786551164,-0.1849478655116421,19.5,19.525509150066622,-0.0255091500666218
16.4,979.2,4.0,14.5,31.4,31.3155531151596,0.08444688484039986,29.2,29.091950316963587,0.1080496830364126,20.8,20.76039186469103,0.03960813530897056,19.4,19.2494306468075,0.1505693531924983
16.6,979.2,4.0,14.5,31.4,31.51818966478921,-0.11818966478921311,29.2,29.24226513314363,-0.042265133143629896,20.8,20.923865081718333,-0.12386508171833199,19.4,19.403899933747667,-0.0038999337476681717
16.6,979.2,4.0,14.5,31.4,31.51818966478921,-0.11818966478921311,29.2,29.24226513314363,-0.042265133143629896,20.8,20.923865081718333,-0.12386508171833199,19.4,19.403899933747667,-0.0038999337476681717
16.4,979.2,4.0,14.5,31.2,31.3155531151596,-0.11555311515959943,29.2,29.091950316963587,0.1080496830364126,20.8,20.76039186469103,0.03960813530897056,19.2,19.2494306468075,-0.04943064680750098
16.6,979.2,4.0,14.6,31.2,31.55144057189213,-0.3514405718921303,29.1,29.288349027697972,-0.18834902769797068,20.8,21.002300649130813,-0.20230064913081236,19.2,19.447431316222062,-0.2474313162220625
16.6,979.2,4.0,14.5,31.4,31.51818966478921,-0.11818966478921311,29.1,29.24226513314363,-0.14226513314362776,20.8,20.923865081718333,-0.12386508171833199,19.4,19.403899933747667,-0.0038999337476681717
16.3,979.2,4.0,14.5,31.1,31.21167891432288,-0.11167891432288002,29.0,29.013507317917277,-0.013507317917277106,20.7,20.68128251977852,0.01871748022147912,19.3,19.173218954326366,0.1267810456736349
16.6,979.2,4.0,14.5,31.4,31.51818966478921,-0.11818966478921311,29.1,29.24226513314363,-0.14226513314362776,20.8,20.923865081718333,-0.12386508171833199,19.4,19.403899933747667,-0.0038999337476681717
16.7,979.2,4.0,14.6,31.5,31.651486013225973,-0.15148601322597344,29.3,29.361485493270205,-0.06148549327020447,20.9,21.08494786551164,-0.1849478655116421,19.5,19.525509150066622,-0.0255091500666218
16.7,994.2,4.0,14.6,31.5,31.65057162949796,-0.15057162949796066,29.2,29.32717040309532,-0.12717040309532024,20.9,21.105544948771314,-0.20554494877131546,19.5,19.548887033341362,-0.04888703334136224
16.9,994.2,4.0,14.6,31.8,31.844469304422397,-0.04446930442239605,29.4,29.461395107767594,-0.061395107767594936,21.0,21.271077398201438,-0.27107739820143806,19.6,19.7034246748122,-0.10342467481219941
16.8,994.2,4.0,14.6,31.9,31.748464017813006,0.15153598218699216,29.2,29.395432395953293,-0.19543239595329354,21.1,21.187497763100396,-0.08749776310039437,19.7,19.625848132219808,0.07415186778019134
16.8,994.2,4.0,14.6,32.0,31.748464017813006,0.2515359821869936,29.3,29.395432395953293,-0.09543239595329212,21.2,21.187497763100396,0.012502236899603503,19.8,19.625848132219808,0.17415186778019276
16.9,1013.4,4.0,14.5,32.0,31.764421746441226,0.23557825355877426,29.3,29.329248925069574,-0.029248925069573772,21.2,21.179256107930676,0.02074389206932281,19.8,19.647394366105306,0.1526056338946944
16.8,994.2,4.0,14.6,32.0,31.748464017813006,0.2515359821869936,29.3,29.395432395953293,-0.09543239595329212,21.2,21.187497763100396,0.012502236899603503,19.8,19.625848132219808,0.17415186778019276
16.8,1013.4,4.0,14.6,32.0,31.73337900166715,0.2666209983328507,29.3,29.33196679525211,-0.0319667952521101,21.2,21.16835080725475,0.03164919274524891,19.8,19.617334033466133,0.18266596653386813
16.9,1013.4,4.0,14.6,32.1,31.828877291763867,0.2711227082361347,29.5,29.394386342731348,0.1056136572686519,21.3,21.248921058882992,0.051078941117008725,19.7,19.69259988089232,0.007400119107678904
16.8,1013.4,4.0,14.5,31.8,31.67044317198661,0.12955682801339208,29.3,29.268234692235517,0.03176530776448416,21.2,21.09701329355202,0.1029867064479788,19.6,19.572003782214587,0.0279962177854145
16.8,994.2,4.0,14.5,31.8,31.700663944655947,0.09933605534405388,29.4,29.340107374049506,0.05989262595049283,21.0,21.11393078341916,-0.11393078341916052,19.6,19.581628939077323,0.018371060922678595
16.8,1013.4,4.0,14.5,31.6,31.67044317198661,-0.07044317198660721,29.4,29.268234692235517,0.13176530776448203,21.0,21.09701329355202,-0.09701329355202049,19.6,19.572003782214587,0.0279962177854145
16.6,1013.4,4.1,14.6,31.6,31.652568958758554,-0.0525689587585525,29.3,29.24846542943997,0.051534570560029636,21.0,21.04169048427245,-0.04169048427245059,19.4,19.517525884278015,-0.11752588427801669
16.6,994.2,4.0,14.6,31.6,31.550840483954662,0.0491595160453393,29.3,29.25664405068571,0.04335594931428943,21.0,21.025255973349708,-0.025255973349707972,19.4,19.472556842106016,-0.07255684210601743
16.6,994.2,4.0,14.5,31.6,31.50593540948087,0.09406459051913174,29.3,29.204057535567827,0.09594246443217358,21.0,20.948364900425236,0.05163509957476364,19.4,19.428054592261784,-0.028054592261785416
16.6,1013.4,4.0,14.5,31.6,31.476977345299595,0.12302265470040652,29.3,29.13949091030849,0.16050908969151223,21.0,20.937381790004167,0.06261820999583279,19.4,19.42299128116952,-0.02299128116952076
16.6,1013.4,4.0,14.6,31.6,31.53681643501249,0.06318356498751143,29.3,29.2003793976721,0.09962060232789938,21.0,21.012107943749978,-0.012107943749978034,19.4,19.468593849499616,-0.06859384949961722
16.6,1013.4,4.0,14.6,31.6,31.53681643501249,0.06318356498751143,29.3,29.2003793976721,0.09962060232789938,21.0,21.012107943749978,-0.012107943749978034,19.4,19.468593849499616,-0.06859384949961722
16.5,994.2,4.0,14.5,31.5,31.405889870077907,0.09411012992209322,29.2,29.132687372867082,0.06731262713291741,20.9,20.86809278920546,0.03190721079453951,19.3,19.352217813272635,-0.05221781327263386
16.6,1013.4,4.0,14.6,31.4,31.53681643501249,-0.1368164350124914,29.3,29.2003793976721,0.09962060232789938,21.0,21.012107943749978,-0.012107943749978034,19.4,19.468593849499616,-0.06859384949961722
16.5,1032.5,4.0,14.6,31.3,31.408085526625715,-0.10808552662571458,29.2,29.06237799028569,0.1376220097143097,20.9,20.87727010390755,0.02272989609245002,19.3,19.35208975748464,-0.05208975748464084
16.7,1013.4,4.0,14.5,31.3,31.574612211697826,-0.2746122116978249,29.0,29.204970397715407,-0.2049703977154067,20.9,21.016376109208835,-0.11637610920883645,19.3,19.497197534433294,-0.19719753443329324
16.5,1013.4,4.0,14.5,31.3,31.377587014566508,-0.0775870145665074,29.0,29.071831030824058,-0.0718310308240575,20.9,20.860067273351902,0.03993272664809666,19.3,19.34940059651631,-0.04940059651631046
16.5,1013.4,4.0,14.6,31.5,31.435849382086673,0.06415061791332732,29.0,29.13128137960926,-0.13128137960925912,20.9,20.93650941337182,-0.0365094133718209,19.5,19.395150716803318,0.10484928319668185
16.6,1013.4,4.0,14.6,31.6,31.53681643501249,0.06318356498751143,29.3,29.2003793976721,0.09962060232789938,21.0,21.012107943749978,-0.012107943749978034,19.4,19.468593849499616,-0.06859384949961722
16.6,994.2,4.0,14.5,31.6,31.50593540948087,0.09406459051913174,29.1,29.204057535567827,-0.10405753556782571,21.0,20.948364900425236,0.05163509957476364,19.6,19.428054592261784,0.17194540773821743
16.7,994.2,4.0,14.6,31.7,31.65057162949796,0.04942837050203863,29.2,29.32717040309532,-0.12717040309532024,21.1,21.105544948771314,-0.005544948771312619,19.5,19.548887033341362,-0.04888703334136224
16.7,994.2,4.0,14.6,31.7,31.65057162949796,0.04942837050203863,29.2,29.32717040309532,-0.12717040309532024,21.1,21.105544948771314,-0.005544948771312619,19.5,19.548887033341362,-0.04888703334136224
16.6,994.2,4.0,14.6,31.6,31.550840483954662,0.0491595160453393,29.1,29.25664405068571,-0.15664405068570986,21.0,21.025255973349708,-0.025255973349707972,19.4,19.472556842106016,-0.07255684210601743
16.6,1013.4,4.0,14.6,31.6,31.53681643501249,0.06318356498751143,29.1,29.2003793976721,-0.10037939767209991,21.0,21.012107943749978,-0.012107943749978034,19.4,19.468593849499616,-0.06859384949961722
16.4,1013.4,4.0,14.6,31.4,31.333156568599808,0.06684343140019067,29.3,29.060026923406586,0.23997307659341516,20.9,20.862641708760158,0.03735829123984047,19.4,19.32234621900264,0.07765378099735898
16.5,1013.4,4.0,14.5,31.3,31.377587014566508,-0.0775870145665074,29.0,29.071831030824058,-0.0718310308240575,20.8,20.860067273351902,-0.06006727335190121,19.3,19.34940059651631,-0.04940059651631046
16.5,994.2,4.0,14.5,31.1,31.405889870077907,-0.30588987007790536,29.0,29.132687372867082,-0.13268737286708188,20.8,20.86809278920546,-0.06809278920545836,19.3,19.352217813272635,-0.05221781327263386
16.4,1013.4,4.1,14.6,31.4,31.44932417786411,-0.04932417786411136,29.1,29.11113514671827,-0.011135146718267208,20.9,20.887582692063408,0.012417307936591016,19.4,19.371849252956288,0.028150747043710567
16.6,1032.5,4.0,14.6,31.4,31.50834625771441,-0.10834625771441253,29.1,29.127521166494436,-0.027521166494434368,21.0,20.949920296302484,0.050079703697516464,19.4,19.423273826086113,-0.023273826086114724
16.5,1013.4,4.0,14.6,31.3,31.435849382086673,-0.13584938208667197,29.0,29.13128137960926,-0.13128137960925912,20.9,20.93650941337182,-0.0365094133718209,19.3,19.395150716803318,-0.09515071680331744
16.8,1013.4,4.0,14.6,31.4,31.73337900166715,-0.33337900166715073,29.3,29.33196679525211,-0.0319667952521101,21.0,21.16835080725475,-0.16835080725475038,19.6,19.617334033466133,-0.01733403346613116
16.8,1013.4,4.0,14.6,31.8,31.73337900166715,0.0666209983328514,29.1,29.33196679525211,-0.2319667952521094,21.2,21.16835080725475,0.03164919274524891,19.6,19.617334033466133,-0.01733403346613116
16.7,1028.2,4.0,14.6,31.7,31.6146760329375,0.08532396706250012,29.2,29.20925919773421,-0.009259197734209579,21.1,21.043290692122472,0.05670930787752937,19.5,19.509440325080426,-0.009440325080426248
16.5,1032.5,4.0,14.6,31.5,31.408085526625715,0.09191447337428471,29.2,29.06237799028569,0.1376220097143097,20.9,20.87727010390755,0.02272989609245002,19.5,19.35208975748464,0.14791024251535845
16.5,1013.4,4.0,14.6,31.5,31.435849382086673,0.06415061791332732,29.0,29.13128137960926,-0.13128137960925912,20.9,20.93650941337182,-0.0365094133718209,19.5,19.395150716803318,0.10484928319668185
16.4,1013.4,4.1,14.6,31.4,31.44932417786411,-0.04932417786411136,29.1,29.11113514671827,-0.011135146718267208,21.0,20.887582692063408,0.11241730793659244,19.4,19.371849252956288,0.028150747043710567
16.6,1013.4,4.0,14.6,31.4,31.53681643501249,-0.1368164350124914,29.1,29.2003793976721,-0.10037939767209991,21.0,21.012107943749978,-0.012107943749978034,19.4,19.468593849499616,-0.06859384949961722
16.3,994.2,4.0,14.6,31.1,31.241097379477978,-0.1410973794779764,29.0,29.031827031218295,-0.03182703121829533,20.9,20.79473779654761,0.10526220345238713,19.3,19.247505088824667,0.05249491117533367
16.3,994.2,4.0,14.6,31.1,31.241097379477978,-0.1410973794779764,29.2,29.031827031218295,0.16817296878170396,20.9,20.79473779654761,0.10526220345238713,19.3,19.247505088824667,0.05249491117533367
16.2,994.2,4.0,14.5,31.0,31.095605460887008,-0.09560546088700761,28.9,28.905612158524992,-0.005612158524993305,20.7,20.63775650278529,0.06224349721470901,19.2,19.128692516566385,0.07130748343361404
16.2,994.2,4.0,14.5,31.0,31.095605460887008,-0.09560546088700761,28.9,28.905612158524992,-0.005612158524993305,20.7,20.63775650278529,0.06224349721470901,19.2,19.128692516566385,0.07130748343361404
16.1,1013.4,4.1,14.6,31.1,31.132023273258344,-0.032023273258342755,28.8,28.889115323374916,-0.08911532337491579,20.8,20.670918528832935,0.1290814711670656,19.3,19.158831701632334,0.14116829836766698
16.3,1013.4,4.0,14.6,31.1,31.228786511492768,-0.1287865114927662,28.8,28.98665077510823,-0.18665077510823025,20.8,20.790541126441276,0.009458873558724434,19.3,19.250195747232013,0.04980425276798783
16.3,994.2,4.0,14.6,31.1,31.241097379477978,-0.1410973794779764,29.0,29.031827031218295,-0.03182703121829533,20.8,20.79473779654761,0.005262203452389258,19.3,19.247505088824667,0.05249491117533367
16.3,1013.4,4.0,14.5,31.1,31.17373353744385,-0.07373353744385014,29.0,28.93010895891024,0.06989104108976107,20.8,20.710623908914382,0.08937609108561873,19.3,19.204127807838677,0.09587219216132326
16.3,1013.4,4.0,14.6,31.3,31.228786511492768,0.07121348850723308,28.8,28.98665077510823,-0.18665077510823025,20.8,20.790541126441276,0.009458873558724434,19.3,19.250195747232013,0.04980425276798783
20.2,894.9,3.0,10.6,27.2,27.05975936569601,0.14024063430398925,26.3,26.23713870129783,0.06286129870217039,21.9,21.748216947104392,0.15178305289560612,20.6,20.481698532842266,0.11830146715773537
20.1,913.9,3.0,10.7,27.4,27.290402171266575,0.10959782873342405,26.5,26.41926576608814,0.08073423391185841,21.7,21.80489145287911,-0.10489145287911228,20.4,20.45115234722662,-0.05115234722662265
19.4,913.9,3.1,10.9,27.4,27.562361765414146,-0.16236176541414693,26.5,26.656284130316934,-0.15628413031693356,21.4,21.530029969297313,-0.1300299692973148,20.1,20.20726807918158,-0.10726807918157988
18.6,952.0,3.2,11.1,27.4,27.61142693114795,-0.21142693114795108,26.6,26.60303421489197,-0.003034214891968645,20.9,20.80644679613845,0.09355320386154986,19.7,19.64476567533523,0.055234324664770185
17.9,952.0,3.2,11.2,27.6,27.735185953376927,-0.13518595337692574,26.7,26.77453383497917,-0.07453383497917088,20.4,20.413721423638133,-0.013721423638134667,19.3,19.32157759675085,-0.02157759675084847
17.6,952.0,3.2,11.2,27.5,27.638518570284667,-0.13851857028466696,26.6,26.723721059149874,-0.1237210591498723,20.1,20.171589620917405,-0.07158962091740406,19.1,19.142814967977706,-0.04281496797770501
17.5,948.0,3.3,11.3,27.5,27.520989545695016,-0.02098954569501643,26.6,26.5770774987984,0.02292250120160233,19.8,19.873746475625758,-0.07374647562575731,18.9,18.98887452241417,-0.08887452241417293
17.2,967.0,3.3,11.4,27.6,27.64696812899808,-0.046968128998077674,26.5,26.61818847582943,-0.11818847582943093,19.6,19.670578594411136,-0.07057859441113479,18.7,18.806608870758918,-0.10660887075891878
16.7,967.0,3.3,11.5,27.6,27.678335373461042,-0.0783353734610408,26.7,26.64416313810917,0.05583686189082826,19.4,19.380652380550597,0.019347619449401776,18.5,18.55357314359541,-0.05357314359541121
16.3,967.0,3.4,11.7,27.7,27.60274889357199,0.09725110642800772,26.6,26.522880706952222,0.07711929304777954,19.1,18.926572610943147,0.1734273890568545,18.4,18.237396765780506,0.16260323421949252
16.0,990.1,3.4,11.7,27.8,27.438249833273595,0.3617501667264058,26.6,26.328879126638093,0.2711208733619088,18.9,18.56077381321576,0.3392261867842379,18.2,17.975173095778644,0.22482690422135576
16.1,990.1,3.4,11.8,27.7,27.74191039333073,-0.04191039333073121,26.5,26.54548425389585,-0.0454842538958502,18.8,18.787162678622927,0.012837321377073607,18.1,18.1005446949025,-0.0005446949024978665
16.0,985.9,3.4,11.8,27.7,27.676900158906903,0.02309984109309582,26.4,26.5065636984832,-0.10656369848319969,18.5,18.724978589306218,-0.22497858930621817,18.0,18.049782760747938,-0.04978276074793797
15.8,967.0,3.5,11.9,27.6,27.452792158897775,0.14720784110222596,26.3,26.34102235918672,-0.04102235918671937,18.5,18.405866043463288,0.0941339565367123,17.9,17.854638893292396,0.045361106707602517
15.7,1004.9,3.5,11.9,27.7,27.353335878916777,0.3466641210832222,26.4,26.19156348254197,0.20843651745802916,18.4,18.186349182459185,0.21365081754081316,17.9,17.702157368994836,0.19784263100516242
15.6,985.9,3.5,11.9,27.6,27.303275625022142,0.29672437497785964,26.4,26.186485967275175,0.21351403272482372,18.3,18.186073811729337,0.11392618827066414,17.8,17.693361574113762,0.10663842588623851
15.6,1004.9,3.5,11.9,27.5,27.29051722042543,0.2094827795745715,26.3,26.141317830420633,0.1586821695793681,18.2,18.101551049236978,0.09844895076302151,17.7,17.637071020236963,0.06292897976303635
15.5,985.9,3.5,12.0,27.4,27.45984797125296,-0.059847971252960264,26.2,26.282353741730788,-0.08235374173078824,18.2,18.235668691314117,-0.035668691314118206,17.6,17.680630964682923,-0.0806309646829213
15.3,985.9,3.6,12.1,27.3,27.246310873502043,0.05368912649795732,26.2,26.099874549030186,0.10012545096981285,18.0,17.92945859760715,0.07054140239284834,17.6,17.48658725748973,0.11341274251027045
15.0,985.9,3.6,12.1,27.2,27.02078778034221,0.17921221965778855,26.3,25.903426709156445,0.3965732908435555,17.9,17.68034422873611,0.2196557712638878,17.4,17.284057980725294,0.11594201927470493
14.9,985.9,3.6,12.1,26.9,26.94424768290552,-0.044247682905520946,26.0,25.835155257557346,0.16484474244265357,17.6,17.59991951958387,8.048041613051282e-05,17.3,17.21738062520604,0.08261937479396053
15.1,1004.9,3.6,12.2,27.1,27.278148126551965,-0.17814812655196377,26.0,26.075569219866278,-0.07556921986627785,17.6,17.8416375613885,-0.24163756138849735,17.3,17.368111934322627,-0.06811193432262641
15.1,1004.9,3.6,12.2,27.2,27.278148126551965,-0.0781481265519659,26.0,26.075569219866278,-0.07556921986627785,17.7,17.8416375613885,-0.14163756138849948,17.4,17.368111934322627,0.03188806567737146
15.0,985.9,3.6,12.3,27.3,27.42465475196016,-0.12465475196015774,26.1,26.173432666316817,-0.07343266631681544,17.7,17.94244234790863,-0.24244234790863217,17.3,17.383629050083943,-0.0836290500839425
15.1,1004.9,3.6,12.3,27.2,27.490372927649087,-0.29037292764908784,26.0,26.21646790362236,-0.2164679036223589,17.8,17.969454742210914,-0.16945474221091317,17.2,17.41827084908904,-0.21827084908904126
14.9,1004.9,3.7,12.3,27.2,27.053820039608183,0.1461799603918159,25.8,25.91490371079111,-0.11490371079110773,17.6,17.650876612124858,-0.05087661212485628,17.2,17.233443347706075,-0.0334433477060756
14.7,1004.9,3.7,12.4,27.1,27.09909823682341,0.0009017631765928513,25.8,25.90801301614788,-0.10801301614787917,17.6,17.61744653987574,-0.01744653987573841,17.0,17.14754101314094,-0.14754101314094115
14.8,985.9,3.7,12.4,27.2,27.241266004707274,-0.04126600470727482,25.9,26.014597732715156,-0.11459773271515772,17.5,17.703583205854336,-0.2035832058543363,17.1,17.22310711991897,-0.12310711991896994
14.7,1004.9,3.7,12.4,27.1,27.09909823682341,0.0009017631765928513,25.8,25.90801301614788,-0.10801301614787917,17.6,17.61744653987574,-0.01744653987573841,17.1,17.14754101314094,-0.047541013140939725
14.6,1004.9,3.7,12.4,27.1,27.017522207380196,0.08247779261980526,25.8,25.836450495516267,-0.03645049551626656,17.6,17.544936506373546,0.055063493626455795,17.1,17.083536890315465,0.016463109684536903
14.7,1004.9,3.7,12.4,27.2,27.09909823682341,0.10090176317659072,25.7,25.90801301614788,-0.2080130161478806,17.5,17.61744653987574,-0.11744653987573983,17.2,17.14754101314094,0.05245898685905814
14.6,1023.8,3.7,12.5,27.1,27.162751549571396,-0.06275154957139506,25.8,25.933020767741827,-0.1330207677418258,17.6,17.612164647336975,-0.012164647336973644,17.1,17.085249954402236,0.014750045597764938
14.6,1023.8,3.7,12.5,27.1,27.162751549571396,-0.06275154957139506,25.8,25.933020767741827,-0.1330207677418258,17.4,17.612164647336975,-0.2121646473369765,16.9,17.085249954402236,-0.1852499544022379
14.4,1023.8,3.7,12.5,26.9,27.00044427877819,-0.10044427877819118,25.8,25.79373021490855,0.006269785091451041,17.4,17.47930593834246,-0.07930593834246125,16.9,16.96282243556749,-0.06282243556749023
14.4,1023.8,3.7,12.6,26.9,27.192559914226788,-0.2925599142267892,25.7,25.916343096376767,-0.21634309637676807,17.4,17.60459506587297,-0.20459506587297227,16.9,17.009063029977952,-0.10906302997795336
14.3,1023.8,3.7,12.5,27.0,26.918641981960608,0.08135801803939202,25.8,25.722308642638524,0.07769135736147703,17.4,17.415438558978163,-0.015438558978164707,16.8,16.902458735453987,-0.1024587354539861
14.0,1023.8,3.7,12.5,26.6,26.671162373099286,-0.07116237309928408,25.5,25.501308492143608,-0.0013084921436075092,17.3,17.23447312654197,0.06552687345802966,16.7,16.724942588543755,-0.024942588543755306
14.1,1023.8,3.7,12.5,26.7,26.75395758261915,-0.05395758261915162,25.6,25.576067053766078,0.023932946233923502,17.4,17.29299012476229,0.10700987523770777,16.8,16.78350435765134,0.016495642348662187
14.0,1023.8,3.8,12.6,26.4,26.58096582831115,-0.1809658283111517,25.3,25.48875957231425,-0.18875957231425033,17.3,17.30668265706553,-0.00668265706552873,16.7,16.77969068816253,-0.079690688162529
14.0,1023.8,3.8,12.6,26.5,26.58096582831115,-0.08096582831115029,25.6,25.48875957231425,0.11124042768575038,17.4,17.30668265706553,0.09331734293446914,16.7,16.77969068816253,-0.079690688162529
13.8,1023.8,3.8,12.6,26.3,26.409485851338772,-0.10948585133877131,25.4,25.333416013680125,0.06658398631987339,17.2,17.196655688557296,0.003344311442702974,16.7,16.665298613010762,0.03470138698923719
13.9,1023.8,3.8,12.6,26.4,26.49532723557098,-0.09532723557098066,25.5,25.41161164591549,0.08838835408451118,17.3,17.250653188221555,0.04934681177844524,16.8,16.72213490719048,0.07786509280952103
13.8,1023.8,3.8,12.5,26.3,26.224856713440044,0.07514328655995683,25.1,25.223860366188333,-0.12386036618833174,17.2,17.078030405242437,0.1219695947575623,16.7,16.626571754485713,0.07342824551428606
13.6,1023.8,3.8,12.6,26.1,26.237370128426306,-0.13737012842630492,25.2,25.174004911631386,0.02599508836861375,17.0,17.094878221019652,-0.09487822101965193,16.5,16.55384023113382,-0.05384023113381886
13.4,1023.8,3.8,12.6,25.9,26.064969120129163,-0.16496912012916454,25.2,25.010772146132283,0.1892278538677168,17.0,17.00159052606452,-0.0015905260645183716,16.5,16.445426191592404,0.0545738084075964
13.5,1023.8,3.8,12.6,26.2,26.15118340488491,0.04881659511508829,25.2,25.092850911809073,0.10714908819092628,17.1,17.047158321049242,0.05284167895075953,16.6,16.49924580570177,0.10075419429823285
13.6,1023.8,3.8,12.6,26.1,26.237370128426306,-0.13737012842630492,25.3,25.174004911631386,0.12599508836861517,17.2,17.094878221019652,0.10512177898034736,16.7,16.55384023113382,0.14615976886618043
13.7,1023.8,3.8,12.6,26.4,26.323485540109054,0.07651445989094441,25.2,25.254203512588592,-0.05420351258859313,17.3,17.144720638557967,0.1552793614420338,16.6,16.609195763228502,-0.009195763228500908
13.7,1004.9,3.8,12.6,26.2,26.40191976662865,-0.2019197666286523,25.2,25.255548460743427,-0.05554846074342734,17.1,17.14493263314475,-0.044932633144750156,16.6,16.619584867910568,-0.019584867910566572
13.7,1004.9,3.8,12.6,26.2,26.40191976662865,-0.2019197666286523,25.2,25.255548460743427,-0.05554846074342734,17.1,17.14493263314475,-0.044932633144750156,16.6,16.619584867910568,-0.019584867910566572
13.2,1023.8,3.8,12.6,25.9,25.892632679801487,0.007367320198511607,25.0,24.84396250930816,0.15603749069184047,16.9,16.91702811227735,-0.01702811227735168,16.4,16.340165794406744,0.05983420559325481
13.2,1042.8,3.8,12.6,25.9,25.82657736996258,0.07342263003742033,24.8,24.869480969532244,-0.06948096953224336,16.9,16.880303578997598,0.019696421002400655,16.4,16.301281661773483,0.0987183382265151
13.1,1023.8,3.8,12.7,26.0,25.966754582112575,0.03324541788742508,24.9,24.852331716285462,0.04766828371453613,17.0,17.011192843447468,-0.011192843447467737,16.3,16.329905454920365,-0.029905454920363894
13.1,1042.8,3.8,12.7,26.0,25.914706732962582,0.08529326703741802,24.9,24.889298140621786,0.01070185937821222,16.9,16.973907299179604,-0.0739072991796057,16.3,16.292063211012135,0.007936788987866095
13.2,1023.8,3.8,12.7,26.1,26.055216572363808,0.04478342763619381,25.0,24.938906467271106,0.06109353272889351,17.0,17.04836326693579,-0.04836326693579096,16.4,16.381194135333686,0.01880586466631229
13.0,1023.8,3.8,12.7,26.1,25.878426948253004,0.22157305174699715,24.8,24.7649466125782,0.03505338742180086,17.0,16.976302460680046,0.02369753931995433,16.4,16.27945261576376,0.12054738423623945
13.1,1004.9,3.8,12.7,26.2,26.01471385093138,0.18528614906862018,24.9,24.813029226890837,0.08697077310916157,17.1,17.000983287623328,0.09901671237667387,16.3,16.330423390323368,-0.030423390323367272
13.3,1023.8,3.8,12.7,26.0,26.14376916909629,-0.14376916909629145,24.9,25.024640423269542,-0.12464042326954328,17.1,17.087785379993143,0.012214620006858468,16.3,16.433305303932364,-0.13330530393236373
13.3,1004.9,3.8,12.7,26.2,26.198332070082202,0.001667929917797295,24.9,24.997244232180464,-0.09724423218046496,17.1,17.08192584792763,0.01807415207237284,16.3,16.437200926041182,-0.1372009260411815
13.0,1023.8,3.8,12.7,26.1,25.878426948253004,0.22157305174699715,24.8,24.7649466125782,0.03505338742180086,17.0,16.976302460680046,0.02369753931995433,16.2,16.27945261576376,-0.07945261576375984
12.9,1023.8,3.9,12.8,26.0,25.748307870841394,0.25169212915860584,24.7,24.71451071592362,-0.01451071592362041,17.1,17.136685871346607,-0.036685871346605836,16.3,16.355659545996865,-0.05565954599686407
12.8,1004.9,3.8,12.7,25.7,25.74023579808094,-0.040235798080939134,24.6,24.530426983203355,0.06957301679664596,16.8,16.896748387710613,-0.0967483877106119,16.2,16.176691453165073,0.023308546834925892
13.1,1004.9,3.8,12.7,25.8,26.01471385093138,-0.2147138509313784,24.7,24.813029226890837,-0.11302922689083772,17.1,17.000983287623328,0.09901671237667387,16.3,16.330423390323368,-0.030423390323367272
12.8,1004.9,3.9,12.8,26.0,25.759503052431445,0.24049694756855544,24.7,24.591609872765904,0.10839012723409525,16.9,17.05372400342182,-0.15372400342182146,16.3,16.287280595765328,0.012719404234672993
12.9,1004.9,3.8,12.8,26.0,25.968808123048657,0.03119187695134329,24.7,24.706202491317672,-0.006202491317672809,17.1,17.070659417994218,0.02934058200578349,16.3,16.270699864806716,0.029300135193285115
13.1,985.9,3.8,12.8,26.0,26.190087841268628,-0.1900878412686282,24.7,24.84938546242466,-0.1493854624246609,17.1,17.08513650195866,0.014863498041339795,16.3,16.33836809099357,-0.038368090993568416
13.0,1009.1,3.8,12.8,26.1,26.05537871423754,0.04462128576246016,24.8,24.813721653365285,-0.01372165336528397,17.2,17.109870642015633,0.09012935798436672,16.4,16.32510610086296,0.07489389913703803
13.3,990.1,3.8,12.7,26.2,26.237854556972515,-0.037854556972515496,24.9,24.97301595199217,-0.07301595199217203,17.1,17.045604711680962,0.05439528831903928,16.5,16.415088696681195,0.0849113033188047
